{
  "accuracy": 0.9996322177271055,
  "macro_avg": {
    "precision": 0.9996070959375358,
    "recall": 0.9996424016719616,
    "f1-score": 0.9996247328516094,
    "support": 8157.0
  },
  "weighted_avg": {
    "precision": 0.9996322613792159,
    "recall": 0.9996322177271055,
    "f1-score": 0.9996322242243934,
    "support": 8157.0
  },
  "per_class": {
    "human": {
      "precision": 0.9994290608050242,
      "recall": 0.9997144488863506,
      "f1-score": 0.9995717344753747,
      "support": 3502.0
    },
    "generated": {
      "precision": 0.9997851310700473,
      "recall": 0.9995703544575725,
      "f1-score": 0.999677731227844,
      "support": 4655.0
    }
  }
}