{
  "accuracy": 0.979241722422371,
  "macro_avg": {
    "precision": 0.975396606043196,
    "recall": 0.9825078775048306,
    "f1-score": 0.9785317858681173,
    "support": 5829.0
  },
  "weighted_avg": {
    "precision": 0.9801775708532813,
    "recall": 0.979241722422371,
    "f1-score": 0.9793187438409927,
    "support": 5829.0
  },
  "per_class": {
    "human": {
      "precision": 0.9991142604074402,
      "recall": 0.9663049685893775,
      "f1-score": 0.9824357671650458,
      "support": 3502.0
    },
    "generated": {
      "precision": 0.9516789516789517,
      "recall": 0.9987107864202837,
      "f1-score": 0.9746278045711889,
      "support": 2327.0
    }
  }
}