{
  "accuracy": 0.9984559958826557,
  "macro_avg": {
    "precision": 0.9985713327866231,
    "recall": 0.9982103663766815,
    "f1-score": 0.9983900182296424,
    "support": 5829.0
  },
  "weighted_avg": {
    "precision": 0.998456969189862,
    "recall": 0.9984559958826557,
    "f1-score": 0.9984557163163293,
    "support": 5829.0
  },
  "per_class": {
    "human": {
      "precision": 0.998003992015968,
      "recall": 0.9994288977727013,
      "f1-score": 0.9987159366528748,
      "support": 3502.0
    },
    "generated": {
      "precision": 0.9991386735572783,
      "recall": 0.9969918349806618,
      "f1-score": 0.99806409980641,
      "support": 2327.0
    }
  }
}