{
    "ai": {
        "precision": 0.9813084112149533,
        "recall": 0.9722222222222222,
        "f1-score": 0.9767441860465116,
        "support": 108.0
    },
    "real": {
        "precision": 0.9659090909090909,
        "recall": 0.9770114942528736,
        "f1-score": 0.9714285714285714,
        "support": 87.0
    },
    "accuracy": 0.9743589743589743,
    "macro avg": {
        "precision": 0.9736087510620222,
        "recall": 0.9746168582375478,
        "f1-score": 0.9740863787375416,
        "support": 195.0
    },
    "weighted avg": {
        "precision": 0.9744379452323376,
        "recall": 0.9743589743589743,
        "f1-score": 0.9743726041400461,
        "support": 195.0
    }
}