{
  "train": {
    "samples": 23316,
    "class_counts": {
      "0": 14006,
      "1": 9310
    },
    "mean_word_count": 383.5411734431292,
    "median_word_count": 352.0,
    "std_word_count": 172.2736250818623,
    "min_word_count": 1,
    "max_word_count": 1650
  },
  "test": {
    "samples": 5829,
    "class_counts": {
      "0": 3502,
      "1": 2327
    },
    "mean_word_count": 381.5579001544004,
    "median_word_count": 350.0,
    "std_word_count": 170.10000979245822,
    "min_word_count": 5,
    "max_word_count": 1367
  },
  "full": {
    "samples": 29145,
    "class_counts": {
      "0": 17508,
      "1": 11637
    },
    "mean_word_count": 383.1445187853834,
    "median_word_count": 351.0,
    "std_word_count": 171.84293271771688,
    "min_word_count": 1,
    "max_word_count": 1650
  }
}