{
  "0-149": {
    "samples": 235,
    "correct": 234,
    "incorrect": 1,
    "accuracy": 0.9957446808510638
  },
  "300-599": {
    "samples": 3305,
    "correct": 3269,
    "incorrect": 36,
    "accuracy": 0.98910741301059
  },
  "600-1199": {
    "samples": 604,
    "correct": 583,
    "incorrect": 21,
    "accuracy": 0.9652317880794702
  },
  "150-299": {
    "samples": 1674,
    "correct": 1655,
    "incorrect": 19,
    "accuracy": 0.9886499402628435
  },
  ">=1200": {
    "samples": 11,
    "correct": 11,
    "incorrect": 0,
    "accuracy": 1.0
  }
}