{
  "accuracy": 0.9977697718305026,
  "macro_avg": {
    "precision": 0.9974285703778074,
    "recall": 0.9979276376418951,
    "f1-score": 0.9976764799159796,
    "support": 5829.0
  },
  "weighted_avg": {
    "precision": 0.9977738862321718,
    "recall": 0.9977697718305026,
    "f1-score": 0.997770330943004,
    "support": 5829.0
  },
  "per_class": {
    "human": {
      "precision": 0.9991416309012876,
      "recall": 0.9971444888635066,
      "f1-score": 0.9981420608832356,
      "support": 3502.0
    },
    "generated": {
      "precision": 0.9957155098543273,
      "recall": 0.9987107864202837,
      "f1-score": 0.9972108989487235,
      "support": 2327.0
    }
  }
}