{
  "accuracy": 0.9951964316349288,
  "macro_avg": {
    "precision": 0.9941829165473246,
    "recall": 0.9958580976626531,
    "f1-score": 0.9950015374042491,
    "support": 5829.0
  },
  "weighted_avg": {
    "precision": 0.9952395982047647,
    "recall": 0.9951964316349288,
    "f1-score": 0.9952004954590266,
    "support": 5829.0
  },
  "per_class": {
    "human": {
      "precision": 0.9994249568717654,
      "recall": 0.9925756710451171,
      "f1-score": 0.9959885386819485,
      "support": 3502.0
    },
    "generated": {
      "precision": 0.9889408762228838,
      "recall": 0.9991405242801891,
      "f1-score": 0.9940145361265498,
      "support": 2327.0
    }
  }
}