{
  "accuracy": 0.9867901869960543,
  "macro_avg": {
    "precision": 0.9841332850726426,
    "recall": 0.9887900020051161,
    "f1-score": 0.9862987002580252,
    "support": 5829.0
  },
  "weighted_avg": {
    "precision": 0.9871554145595822,
    "recall": 0.9867901869960543,
    "f1-score": 0.9868217952917065,
    "support": 5829.0
  },
  "per_class": {
    "human": {
      "precision": 0.9991256193529583,
      "recall": 0.9788692175899486,
      "f1-score": 0.9888936968123467,
      "support": 3502.0
    },
    "generated": {
      "precision": 0.969140950792327,
      "recall": 0.9987107864202837,
      "f1-score": 0.9837037037037037,
      "support": 2327.0
    }
  }
}