{
    "ai": {
        "precision": 0.9595912679981421,
        "recall": 0.9609302325581396,
        "f1-score": 0.9602602835231234,
        "support": 2150.0
    },
    "real": {
        "precision": 0.9545208446128858,
        "recall": 0.952972972972973,
        "f1-score": 0.9537462807681905,
        "support": 1850.0
    },
    "accuracy": 0.95725,
    "macro avg": {
        "precision": 0.9570560563055139,
        "recall": 0.9569516027655562,
        "f1-score": 0.9570032821456569,
        "support": 4000.0
    },
    "weighted avg": {
        "precision": 0.957246197182461,
        "recall": 0.95725,
        "f1-score": 0.957247557248967,
        "support": 4000.0
    }
}