{
  "accuracy": 0.9946817635958141,
  "macro_avg": {
    "precision": 0.9935525020934823,
    "recall": 0.9954297709921791,
    "f1-score": 0.9944671565133119,
    "support": 5829.0
  },
  "weighted_avg": {
    "precision": 0.99473616156292,
    "recall": 0.9946817635958141,
    "f1-score": 0.9946868109749322,
    "support": 5829.0
  },
  "per_class": {
    "human": {
      "precision": 0.9994244604316547,
      "recall": 0.991719017704169,
      "f1-score": 0.9955568295829152,
      "support": 3502.0
    },
    "generated": {
      "precision": 0.9876805437553101,
      "recall": 0.9991405242801891,
      "f1-score": 0.9933774834437086,
      "support": 2327.0
    }
  }
}