{
  "accuracy": 0.9967404357522731,
  "macro_avg": {
    "precision": 0.9961512739672671,
    "recall": 0.9970709843009471,
    "f1-score": 0.9966055411106329,
    "support": 5829.0
  },
  "weighted_avg": {
    "precision": 0.9967537675246058,
    "recall": 0.9967404357522731,
    "f1-score": 0.9967419449005875,
    "support": 5829.0
  },
  "per_class": {
    "human": {
      "precision": 0.999140154772141,
      "recall": 0.9954311821816105,
      "f1-score": 0.9972822199971392,
      "support": 3502.0
    },
    "generated": {
      "precision": 0.9931623931623932,
      "recall": 0.9987107864202837,
      "f1-score": 0.9959288622241268,
      "support": 2327.0
    }
  }
}